{
    "random_array_time": {
        "selection_sort": [
            0.00015578269958496093,
            0.0006155490875244141,
            0.0027133941650390623,
            0.01111898422241211,
            0.0454291820526123,
            0.1787775993347168,
            0.7193831920623779,
            2.9013367652893067,
            11.677348232269287
        ],
        "insertion_sort": [
            0.00012598037719726562,
            0.0005814075469970703,
            0.0021883964538574217,
            0.009387588500976563,
            0.03630542755126953,
            0.1479722023010254,
            0.601117753982544,
            2.3688261985778807,
            9.748944759368896
        ],
        "merge_sort": [
            5.917549133300781e-05,
            0.00013136863708496094,
            0.00026063919067382814,
            0.0005770206451416015,
            0.0011827945709228516,
            0.002496814727783203,
            0.005409049987792969,
            0.011485433578491211,
            0.024070215225219727
        ],
        "shell_sort": [
            4.897117614746094e-05,
            0.00012159347534179688,
            0.00036921501159667967,
            0.0009441852569580078,
            0.003046417236328125,
            0.00722799301147461,
            0.024615001678466798,
            0.06318740844726563,
            0.19554080963134765
        ]
    },
    "random_array_comparisons": {
        "selection_sort": [
            1625.6,
            6528.0,
            26163.2,
            104755.2,
            419225.6,
            1677312.0,
            6710067.2,
            26841907.2,
            107370905.6
        ],
        "insertion_sort": [
            808.8,
            3365.8,
            13005.0,
            53192.2,
            205790.2,
            840816.0,
            3386738.0,
            13264972.4,
            53677118.0
        ],
        "merge_sort": [
            179.2,
            409.6,
            921.6,
            2048.0,
            4505.6,
            9830.4,
            21299.2,
            45875.2,
            98304.0
        ],
        "shell_sort": [
            285.2,
            706.6,
            1856.2,
            4334.2,
            14372.2,
            32360.2,
            105617.8,
            269378.0,
            821643.0
        ]
    },
    "sorted_array_time": {
        "selection_sort": [
            0.0007641315460205078,
            0.0030510425567626953,
            0.012670040130615234,
            0.0511469841003418,
            0.20481204986572266,
            0.8234190940856934,
            3.2824630737304688,
            13.099845886230469,
            52.36629295349121
        ],
        "insertion_sort": [
            2.288818359375e-05,
            4.410743713378906e-05,
            0.00010085105895996094,
            0.00021600723266601562,
            0.0004482269287109375,
            0.0009472370147705078,
            0.0018630027770996094,
            0.003719329833984375,
            0.007462978363037109
        ],
        "merge_sort": [
            0.00030994415283203125,
            0.0006039142608642578,
            0.001293182373046875,
            0.002741098403930664,
            0.005836009979248047,
            0.012517929077148438,
            0.02618122100830078,
            0.054531097412109375,
            0.11535310745239258
        ],
        "shell_sort": [
            0.00015115737915039062,
            0.00029587745666503906,
            0.0007250308990478516,
            0.0016987323760986328,
            0.003828763961791992,
            0.008481979370117188,
            0.01868128776550293,
            0.04013800621032715,
            0.08678889274597168
        ]
    },
    "sorted_array_comparisons": {
        "selection_sort": [
            8128,
            32640,
            130816,
            523776,
            2096128,
            8386560,
            33550336,
            134209536,
            536854528
        ],
        "insertion_sort": [
            127,
            255,
            511,
            1023,
            2047,
            4095,
            8191,
            16383,
            32767
        ],
        "merge_sort": [
            896,
            2048,
            4608,
            10240,
            22528,
            49152,
            106496,
            229376,
            491520
        ],
        "shell_sort": [
            769,
            1793,
            4097,
            9217,
            20481,
            45057,
            98305,
            212993,
            458753
        ]
    },
    "backward_sorted_array_time": {
        "selection_sort": [
            0.0007922649383544922,
            0.0031020641326904297,
            0.013139009475708008,
            0.053658246994018555,
            0.21497702598571777,
            0.8564801216125488,
            3.4101157188415527,
            13.721621990203857,
            54.87358999252319
        ],
        "insertion_sort": [
            0.001302957534790039,
            0.005181074142456055,
            0.02249002456665039,
            0.09377813339233398,
            0.38022899627685547,
            1.5454530715942383,
            6.216217994689941,
            24.932449102401733,
            100.66466903686523
        ],
        "merge_sort": [
            0.0002810955047607422,
            0.0005948543548583984,
            0.0012629032135009766,
            0.0028688907623291016,
            0.005828142166137695,
            0.012256860733032227,
            0.025992155075073242,
            0.05461597442626953,
            0.1146090030670166
        ],
        "shell_sort": [
            0.00020503997802734375,
            0.00047206878662109375,
            0.0011761188507080078,
            0.002756834030151367,
            0.006322383880615234,
            0.014106035232543945,
            0.03100109100341797,
            0.0673530101776123,
            0.14434003829956055
        ]
    },
    "backward_sorted_array_comparisons": {
        "selection_sort": [
            8128,
            32640,
            130816,
            523776,
            2096128,
            8386560,
            33550336,
            134209536,
            536854528
        ],
        "insertion_sort": [
            8255,
            32895,
            131327,
            524799,
            2098175,
            8390655,
            33558527,
            134225919,
            536887295
        ],
        "merge_sort": [
            896,
            2048,
            4608,
            10240,
            22528,
            49152,
            106496,
            229376,
            491520
        ],
        "shell_sort": [
            1217,
            2817,
            6401,
            14337,
            31745,
            69633,
            151553,
            327681,
            704513
        ]
    },
    "set_array_time": {
        "selection_sort": [
            0.00026337305704752606,
            0.0010356903076171875,
            0.004546642303466797,
            0.0183566411336263,
            0.07209205627441406,
            0.2866470019022624,
            1.2129703362782795,
            4.85811972618103,
            19.44012967745463
        ],
        "insertion_sort": [
            0.00020933151245117188,
            0.000949700673421224,
            0.003809372584025065,
            0.015364329020182291,
            0.06373095512390137,
            0.25406622886657715,
            1.0088833967844646,
            4.006832758585612,
            16.186604022979736
        ],
        "merge_sort": [
            9.600321451822917e-05,
            0.00020535786946614584,
            0.000440677007039388,
            0.0009526411692301432,
            0.002048333485921224,
            0.004253307978312175,
            0.008960962295532227,
            0.018970410029093426,
            0.04017504056294759
        ],